author_id,author_name
1,
2,Koume Fujichika
3,Trịnh Nam Trân
4,The Zishi
5,Ty Bolliger
6,Nguyễn Hồng Huấn
7,Giảo Giảo
8,Tony Buổi Sáng
9,Robert T Kiyosaki
10,Trường Lê
11,Niccolò Machiavelli
12,Tô Mạn
13,Alphonse Daudet
14,Gil Morales
15,La Quán Trung
16,Yumemakura Baku
17,J. S. Scott
18,Phương Bạch Vũ
19,Tôn Tử
20,Barbara Ann Brennan
21,Nguyễn Hoàng Diệu Thủy
22,Andrews - Van leeuwen - Van Baaren 
23,Ca Tây
24,Uketsu
25,Hwang Jungeun
26,Robert T. Kiyosaki – Sharon L. Lechter
27,Jonas Jonasson
28,Trạch Quế Vinh
29,Michael E Gerber
30,Violeta Basic
31,Alexander Osterwalder
32,Yongchul Kwon
33,Hiroyuki Takei
34,E.B.White
35,Robert Wright
36,Trần Đặng Đăng Khoa
37,Sasaki Fumio
38,Phạm Phương Hoa
39,23thang12
40,Otsuichi
41,Spencer Johnson
42,Nguyễn Huy Thiệp
43,Janet Mills
44,Uyên Bùi
45,Gosho Aoyama
46,Hạnh Nguyên
47,Tiếu Giang Nam
48,Từ Thính Phong
49,Saekisan
50,Ransom Riggs
51,Shunmyo Masuno
52,Maurice Sendak
53,Hà Vĩnh Thọ
54,Nate Regier
55,Emily Bone
56,Prentice Mulford
57,Fujimaru
58,Walther Ziegler
59,Nguyễn Phương Mai
60,T.J.Resler
61,Austin Kleon
62,Wataru WATARI
63,BS. Ngô Đức Hùng
64,Shin Kyung Sook
65,TS. Nguyễn Thị Hậu
66,Laura Lynne Jackson
67,Giuliano Ferri
68,Bạch Tô
69,Glen Arnold
70,Jayneen Sanders
71,Stacey Riches
72,Ernest Van De Velde
73,Nguyễn Phát Lộc
74,Stephen R. Covey
75,Patty McCord
76,Maggie Maggie
77,Tomohito Oda
78,DANIEL TUDOR
79,Marcus Aurelius
80,Từ Ninh
81,Ao Jyumonji
82,Jean-Jacques Rousseau
83,Frederic Laloux
84,Paul Arden
85,Hiroko Mizushima
86,Yuki Yaku
87,Kim Sungmi
88,Cổ Viên
89,Chu Xung
90,Stephen King
91,Alan John
92,Song Hong Binh
93,Philip Kotler
94,John Koenig
95,Ram Charan
96,Antoine De Saint-Exupéry
97,Song Nghi
98,Yann Martel
99,Steven D.Levitt
100,Gordon Ramsay
101,Emily Bronte
102,Matthew Walker PhD
103,Tatsuya Endo
104,Gã
105,Kui Ryoko
106,Sara Imas
107,Mộ Nhan Ca
108,Fukuzawa Yukichi
109,Đặng Trần Tùng
110,Nodoka Shinomaru
111,Akira Toriyama
112,Chieko Hosokawa
113,Đào Duy Anh
114,Michael Pollan
115,Frank McCourt
116,Niall Kishtainy
117,Vĩ Nhân
118,John Steinbeck
119,Na Lê
120,Andrew Aziz
121,Richard Guare
122,Michael Sandel
123,Mohnish Pabrai
124,J. Krishnamurti
125,Educate and Empower Kids
126,Stephen M. R. Covey
127,C. J. Skuse
128,J.R.R. Tolkien
129,Wendelin Van Draanen
130,Vĩ Ngư
131,Nguyễn Đoàn Minh Thư
132,Chade-Meng Tan
133,Mamita
134,Alex Rovira
135,Mizuki Harada
136,Nam Thanh
137,Jeon Hong Jin
138,Tiểu Dã
139,Rutger Bregman
140,Marc Shapiro
141,Lucy Maud Montgomery
142,Choi Kwanghyun
143,Dan Brown
144,Văn Giản Tử
145,Brianna Wiest
146,Richard Adams
147,Yamamoto Hideyuki
148,Jules Verne
149,Glynis McCants
150,Tom Standage
151,Ken Watanabe
152,Uyên Huy
153,Jim Collins
154,Thế Giới Hoa Ngữ
155,Steven Pinker
156,Samuel Bjork
157,Thế Lữ
158,Natsuya Semikawa
159,Dưa Hấu Hạt Tím
160,Jiří Linhart
161,Don Gabor
162,Phạm Ngọc Anh
163,Tamara Russell
164,Lưu Liễm Tử
165,Phan Cẩm Thượng
166,Satoru Onishi
167,Ha Hyun
168,Bernhard Schlinks
169,Andreas Moritz
170, Bùi Việt Hà
171,William A. Cohen
172,Lương Sảng
173,Trần Quang Đức
174,Mishima Yukio
175,Mai Thanh Hạ
176,Alex Genadinik
177,Trương Manh
178,Cal Newport
179,Acacia C. Parks
180,Jordan Belfort
181,John Perkins
182,Nhóm tác giả Tản Mạn Kiến Trúc
183,Tiến sĩ Seth J. Gillihan
184,Eckhart Tolle
185,Olivier Guez
186,Cảnh Thiên
187,Nami Sano
188,Grady Klein & Yoram Bauman
189,Michael Patrick Larry
190,Cho Chang - In
191,Michael F.Patton & Kevin Cannon
192,Jason Schenker
193,Jo Hemmings
194,Hiromu
195,Linh Nhi
196,Pauline Réage
197,David R. Anderson
198,David Parmenter
199,Nguyễn Đổng Chi
200,William L.Shirer
201,George Saunders
202,Ken Forkish
203,Emi Ishikawa
204,Tống Phi
205,Tôn Tần
206,Masato Takeuchi
207,Kara King
208,John Dewey
209,Jean
210,Margaret Robinson Rutherford
211,Kim Huggens
212,Keigo Higashino
213,Glendy Vanderah
214,Vũ Hoàng Long
215,Rei
216,ZAKK
217,Jordan B. Peterson
218,Mishima Yomu
219,Louis Sachar
220,Trác Nhã
221,Aka Akasaka
222,Anthony Gell
223,Nguyễn Dương
224,Steven G. Mandis
225,Joseph Burgo PhD
226,Vicky Barker
227,Công Tử Hoan Hỉ
228,Rod Campbell
229,Donald J.Trump
230,Imamura Natsuko
231,Phạm Lữ Ân
232,Ann Handley
233,Kim Ba
234,Jim Rohn
235,Trương Nguyện Thành
236,Logan Ury
237,Masaru Emoto
238,Rolf Dobelli
239,Hồ Dzếnh
240,Làn
241,Soubee Amako
242,Hiên
243,Diệp Hồng Vũ
244,Suzanne Collins
245,Franz Kafka
246,Hans Rosling Ola Rosling
247,Heather Morris
248,Christophe Andre
249,Ruth Ware
250,T.Harv Eker
251,Trường An
252,Misaki Ichijo
253,Mục Qua
254,Darshani Deane
255,Sherri Duskey Rinder
256,Nguyễn Tất Kiểm
257,TS. David J. Lieberman
258,Morgan Housel
259,Victor Hugo
260,Thầy dòng Prévost
261,Time Cương Cương Hảo
262,Thảo Thảo
263,Nguyễn Trí Đoàn
264,Gege Akutami
265,Richard Nicholls
266, DK
267,Lucius Annaeus Seneca
268,Jean - Jacques Rousseau
269,Otegha Uwagba
270,Pema Chodron
271,Thạch Lam
272,Susan Cain
273,Okada Takashi
274,Trương Học Vĩ
275,Robert Winston
276,Jun Mee-kyung
277,Geshe Michael Roach
278,Albert Camus
279,Matt Haig
280,ASATO ASATO
281,Nguyên Phong
282,Tsurutani Kaori
283,Nguyễn Thế Anh
284,Barbara Mitchell
285,Trịnh Lịch Nhi
286,Peter Frankopan
287,Kim Thủy
288,Ngô Tất Tố
289,Pascale Bouchié
290,Suzuki Mio
291,Steve Harvey
292,Trần Thanh Phong
293,Frédéric Beigbeder
294,Martin Amis
295,Lý Ái Linh
296,ISAK DINESEN
297,David Walliams
298,Nguyễn Bảo Trung
299,Lưu Chấn Hồng
300,Kikue Tamura
301,Instant Research Institude
302,Sam Phillips
303,Mai Xuân Đạt
304,Khaled Hosseini
305,Minori Kanbe
306,Tống Khánh Thượng
307,Adrian Kulp
308,Mark Twain
309,Kosaku Anakubo
310,Kaidou Sakon
311,Howard Marks
312,Kotoha Yao
313,Zoe McKey
314,Nozomi Uda
315,Albert Rutherford
316,Nguyễn Nhật Ánh
317,Yoshitoki Oima
318,John Grisham
319,Thụy Mang
320,Harper Lee
321,Pilot Nguyễn
322,William Irwin
323,Malcolm Gladwell
324,Erich Maria Remarque
325, Thích Nhất Hạnh
326,Trí
327,Robin Hard
328,"Mai Lan Hương, Hà Thanh Uyên"
329,Erin Niimi Longhurst
330,Carol S. Dweck
331,BBC
332,Stephen Hawking
333,Hiromu Arakawa
334,Chan Ho Kei
335,.
336,Tùng Nâm
337,Kristy Shen
338,Park Hee Jung
339,Hầu Gia
340,Mai Lan Hương
341,Whitney Johnson
342,Don Norman
343,Donald J.Trump & Tony Schwartz
344,Julia Dohaldson
345,Yim Minkyung
346,Mother Teresa
347,Leonard Sax
348,Frank Herbert
349,Rosie Nguyễn
350,TADA Project
351,One
352,Simone Davies
353,Yamamoto Tsunetomo
354,Thought Catalog
355,Sunsunsun
356,Nhóm tác giả
357,James Rickards
358,Franck Thilliez
359,Tony Schwartz
360,Anthony William
361,Anthony Robbins
362,Akiko Kameoka
363,Joy Woodward
364,Georges Simenon
365,Tezuka Osamu
366,Thomas R. Ittelson
367,Thu Giang - Nguyễn Duy Cần
368,Hồng Hạnh
369,Lois Lowry
370,Rando Kim
371,Ken Wakui
372,Vu Triết
373,James Clear
374,Hans Decoz
375,Tiến sĩ Shefali Tsabary
376,Michael Duff Newton
377,Timothy Ferris
378,Hồ Anh Thái
379,Takehiko Inoue
380,Yellow Tanabe
381,Alexandra David Neel
382,Linnea Dunne
383,Keith Ferrazzi
384,Kim Woo Choong
385,Ma Vĩ
386,Stephen Guise
387,Lê Thu Hà
388,Michelle Obama
389,Hoàng Cao Khải
390,Thomas M. Campbell II
391,Michael Bunting
392,Kishimi Ichiro
393,Tiêu Đỉnh
394,Gail Honeyman
395,Lão Phạm
396,Ngô Đức Vượng
397,Watanabe Yasuhiro
398,Charles P. Kindleberger
399,Harriet Beecher Stowe
400,W.Chan Kim
401,Koga Fumitake
402,Naoya Matsumoto
403,Eran Katz
404,David R.Hawkins
405,Otani Yoshio
406,Hân Nhiên
407,SANBE KEI
408, Mai Hương
409,Nam Cao
410,Robert Schwartz
411,Daniel Goleman
412,Tiến Sỹ Marilee Adams
413,Aung San Suu Kyi
414,GEORGE SAMUEL CLASON
415,Shushu Le
416,Jonathan Passmore
417,Tuệ Nghi
418,Miyabe Miyuki
419,Nguyễn Trương Quý
420,Pomnyun
421,Minh Nhật
422,Miura Shion
423,Shimizu Yu
424,John E. Douglas
425, Song Hong Bing
426,Donna M. Genett
427,Masaru Amono
428,Edmond De Amicis
429,Thích Giác Hiếu
430,Donato Carrisi
431,Joanna Martine Woolfolk
432,Ken Mogi
433,Masura Emoto
434,Aleksandra Mizielińska
435,Tatsuki Nohda
436,Don Sexton
437,Ann Swanson
438,Jo Nesbø
439,Rhonda Byrne
440,Seishi Kishimoto
441,Acccototo
442,Paul Kalanithi
443,Erika Takeuchi
444,Sho Aimoto
445,Ahmed Saadawi
446,Lama Anagarika Govinda
447,Rachel Wilkerson Miller
448,David Crystal
449,Thich Nhất Hạnh
450,Kuroyanagi Tetsuko
451,Markus Rach
452,Nhà nhiều cột
453,Hackers
454,Hajime KAMOSHIDA
455,Tống Ngọc 
456,Dave Trott
457,Eric Fottorino
458,John Gray
459,John Rothchild
460,Orhan Pamuk
461,Oliver Sacks
462,Robert T. Kiyosaki
463,Annie Ernaux
464,Shizukui Shusuke
465,Khương Nguy
466,Jared Diamond
467,Thiền sư Thích Nhất Hạnh 
468,Roald Dahl
469,Anh Tuan Le
470,Nguyễn Hữu Hưng (chủ biên)
471,Isaac Bashevis Singer
472,Robert Maurer
473,Nicole Elliott
474,Nina George
475,Catherine Whitney
476,Marcel Proust
477,E. Lockhart
478,Lê Bảo Ngọc
479,Giản Tư Trung
480,DK
481,Yuval Noah Harari
482,Phan Thị Nga
483,Barack Obama
484,Tống Mặc
485,Jeffrey Archer
486,J.K. Rowling
487,Geulbaewoo
488,Hồ Thu Hương
489,Gárdos Péter
490,Kazuki Takahashi
491,Hamlet Trương
492,Xu
493,Bagram Ibatoulline
494,Jennifer L. Scott
495,Sara Pennypacker
496,Oscar Wilde
497,Phùng Kí Tài
498,Steven Schuster
499,Philip Zimbardo
500,Norman W.Walker
501,Chung Ju Yung
502,Ibuka Masaru
503,Trần Lộ
504,Eiichiro Oda
505,Nikki Dyson
506,Chandra Ghosh Ippen
507,Joseph Murphyc
508,Úc Phức
509,Vũ Thị Lê Vy
510,Chin-Ning Chu
511,Kondo Fumie
512,Trương Tiếu Hằng
513,Brian Tracy
514,Hubert Seipel
515,Chris Dyer
516,Hajime Nishio
517,Vex King
518,Gin Shirakawa
519,Machiavelli
520,Kulzsc
521,Stanton E. Samenow
522,Trang Anh
523,Daniel Kahneman
524,Nancy Colier
525,Linh – Minh Mẫn
526,Paulo Coelho
527,Mario Puzo
528,Anne Roumanoff
529,Robin Sharma
530,Hero x Hagiwara Daisuke
531,Mễ Mông
532,Shoko Kanno
533,Jenny Kiều
534,Hoài Điệp Thứ Lang
535,Mã Hạo Thiên
536,Minh Niệm
537,Lưu Khánh Bang
538,Fuku Mitsu
539,Park Ji Sook
540,Emma Phạm
541,E.H. Gombrich
542,Hải Kinh Lạc
543,Thái Phạm
544,Jack Canfield
545,Richard Dawkins
546,Khotudien
547,Adam Hart-Davis
548,Mark Douglas
549,Akiyoshi Horie
550,Thomas Cathcart
551,Bernard Marr
552,Same Kaean
553, Moon
554,Phan Minh Đạo
555,A Crazy Mind team
556,Kenji Shimizu
557,Stuart Farrimond
558,BS. Lê Ngọc Anh Thy
559,Francesc Miralles
560,David Eagleman
561,Hal Elrod
562,Hẻoo
563,Park Hyun-Wook
564,Peter Swanson
565,Adam Braun
566,Ngô Sa Thạch
567,Ilse Sand
568,Hector Malot
569,Zion Kabasawa
570,Richard Smitten
571,Sumino Yoru
572,Lão Tử
573,CHIROLU
574,Dale Carnegie
575,Makoto Shinkai
576,Akiko Higashimura
577,Kawabata Yasunari
578,Tàn Tuyết
579,Jim Kalbach
580,Yasuhisa Hara
581,Ken Kesey
582,André Aciman
583,Luis Sepulveda
584,Vương Đào
585,Paul Smith
586,Viện ngôn ngữ Hackers
587,K.A Applegate
588,Moon Duk
589,Hà Mạt Bì
590,Eric Weiner
591,Guillermo Del Toro
592,Alex Frith
593,Mihiro Matsuda
594,Thomas L. Friedman
595,Jutta Langreuter
596,Adam Khoo
597,Steve Nison
598,Sergey Filonov
599,Louisa May Alcott
600,Chimamanda Ngozi Adichie
601,Yến Nhi
602,Frederic S. Mishkin
603,Karen Frazier
604,Dominic O' Brien
605,Robert Cecil Martin
606,Sir Arthur Conan Doyle
607,Eric Emmanuel Schmitt
608,Tolly Burkan
609,Motofumi Fukahori
610,Motoro MASE
611,"Mai Hương (Sưu tầm, Biên soạn)"
612,Richie Bostock
613,Thu Giang
614,William J. O’Neil
615,Ở Đây Zui Nè
616,Laura Kinsale
617,Lâm Minh Chánh
618,Michel Bussi
619,Napoleon Hill
620,David Squires
621,Chuya Koyama
622,Osho
623,Nguyễn Phong Việt
624,Raphaëlle Giordano
625,Chika Miyata
626,Brian L Weiss
627,Thomas Harris
628,Viktor Emil Frankl
629,Sirilak Rattanasuwaj
630,Arc Academy
631,E.T.A Hoffmann
632,Kim Suhyun
633,Hàn Xuyên Tử
634,Wladislaw Jachtchenko
635,Miguel De Cervantes
636,Kiên Trần
637,Jo Nesbo
638,Patrick Lencioni
639,George S. Clason
640,Vladimir Nabokov
641,Cấn Mạnh Linh
642,Nigozyu
643, Robert T. Kiyosaki
644,Đặng Thùy Trâm
645,Stephen R Covey
646,Khương Lệ Bình
647,Miku Ito
648,Yusei Matsui
649,Robert G. Hagstrom
650,Dane
651,Greer Hendricks
652,Agatha Christie
653,Peter Thiel
654,Nhục Bao Bất Cật Nhục
655,Đỗ Minh Triết
656,Barbara Oakley
657,Jo Incheol
658,William H. McRaven
659,Trần Vàng Sao
660,nhieu tac gia
661,Mary Roach
662,Lam
663,Jane Austen
664,Marci Shimoff
665,Minato Kanae
666,Trương Vĩnh Ký
667,Rio Creative
668,Cù Mai Công
669,RIO BOOK
670,Lily Ashwell
671,Kim Geon Oh
672,Hebi-zou
673,Guillem Balague
674,Shintaro Mugiwara
675,Minh Dự
676,Chris Bailey
677,Bảo Ninh
678,Tracy Hogg
679,William Golding
680,Alex Korb
681,Baird T. Spalding
682,Kinugasa Syougo
683,Yoshinori Nagumo
684,Osamu Tanaka
685,Yaniv Zaid
686,Lane Smith
687,Đức Anh
688,Don Miguel Ruiz JR.
689,Vũ Phi Yên
690,Mickaël Launay
691,Toái Toái
692,Jack Canfield & DD.Watkins
693,Phạm Huy Hoàng
694,Adele Revella
695,Lisa Campion
696,Yoo Eun Jung
697,Thư Đỗ
698,Én – Thích A Tèo
699,Donald T Phillips
700,Kohei Horikoshi
701,BS. Trần Thị Huyên Thảo
702,José Mauro de Vasconcelos
703,Louise L.Hay
704,Aki Wakamatsu
705,Alexandre Dumas
706,Phan Hồ Điệp
707,Nguyễn Hoàng Anh
708,Mặc Hương Đồng Khứu
709,Aloha Tuấn
710,Kim Un Su
711,Aoyama Gosho
712,Nhà tâm thần học DaiGo
713,Hồ Công Hoài Phương
714,Insook Nam
715,Andrea Hirata
716,Priest
717,Benjamin Sweeney
718,Ayn Rand
719,Rhowa Byrne
720,Benjamin Graham
721,Melinda Metz
722,Peter Gibson
723,Youngtak Kim
724,Carolyn Boroden
725,Đỗ Anh Vũ
726,Hachun Lyonnet (Hà Chũn)
727,Richard Wiseman
728,Alexander Barton Woodside
729,Han Sung Hee
730,Dương Yến Nhi
731,Bác sĩ George K. Simon
732,Sony Global Education
733,Minh Mẫn - Du Phong
734,Nguyễn Ngọc Thuần
735,Vasant Lad
736,Karina Schaapman
737,Mẹ Ong Bông
738,Chi Nguyễn – The Present Writer
739,Leon Tolstoy
740,Vãn Tình
741,Og Mandino
742,Mo Rong Yin Dao
743,Mitzi Szereto
744,Phil Knight
745,Patrick King
746,Song Hong Bing
747,Christian Jolibois
748,Joe Vitale
749,Jack Trout
750,Roy Garn
751,Gene Kim
752,Will Durant
753,Michael Goodwin
754,Kazuo Ishiguro
755,Gina Kim
756,Miya Tokokura
757,Veechi Curtis
758,Hilary Mantel
759,Ryan Holiday
760,Lý Tử Quyên
761,Daniel J.Siegel
762,Bianca Sparacino
763,Haruki Murakami
764,Kato Toshinori
765,Nguyễn Thiên Ngân 
766,Gary Shteyngart
767,Michelle Buchanan
768,BS Ngô Đức Hùng
769,Nhóm tác giả Spiderum
770,Kyo Shirodaira
771,J.Krishnamurti
772,Trương Anh Ngọc
773,Lư Tư Hạo
774,Thích Nhật Từ
775,Tiến sĩ Julia Shaw
776,Benji Davies
777,Carol S.Dweck
778,J.K.Rowling
779,Tô Hoài
780,Neil Gaiman
781,Yamada
782,Daniel Immerwahr
783,Hoàng Yến
784,Edith Nesbit
785,Hannah Crum
786,Kim Jung - Hyuk
787,Yokomizo Seishi
788,Universe
789,Louise L. Hay
790,Tào Thiên Nguyên
791,Marty Cagan
792,Rhee Dongwoo
793,Matthieu Ricard
794,Dương Thị Quỳnh Châu
795,Mèo Mốc
796,Diệp Tiểu Ngư
797,Đà Hoàng
798,Eric Barker
799,Alexander Jutkowitz
800,Xuân Diệu
801,Wataru Hinekure
802,Yagisawa Satoshi
803,Henri Charriere
804,Mộc Qua Hoàng
805,Hae Min
806,Yamaguchi Tsubasa
807,Cá yêu tinh – Rei
808,William Jang
809,Sean Covey
810,Diệp Tử
811,Nicholas Sparks
812,Michael Greger
813,Reki Kawahara
814,Kim Ran Do
815,Marc Levy
816,Seimaru Amagi
817,Ducan Bannatyne
818,Allan Dib
819,Ito Mika
820,Osamu Tezuka
821,Ahn Sang Hyun
822,Georgia Amson-Bradshaw
823,Dale Breckenridge Carnegie
824,Thomas Cathcart & Daniel Klein
825,Yuzo Takada
826,Mã Bá Dung
827,Paul Kennedy
828,Cole Nussbaumer Knaflic
829,Phan Bảo Long
830,Vishen Lakhiani
831,Tsutsumi Chiharu
832,Mark Manson
833,Dan Ariely
834,Trâu Hoành Minh
835,Mai Tường Vân
836,Hiromi Shinya
837,Phan Văn Trường
838,Bubu Huong
839,Choi Kwanghuyn
840, 
841,Ngọc Bảo An
842,Kurt Vonnegut
843,Lý Tân
844,Ruth A. Drayer
845,Edmondo De Amicis
846,@yenlamtho
847,Robert J. Shiller
848,Charles Duhigg
849,An 
850,Đặng Hoàng Giang
851,Giulia Enders
852,John Boyne
853,Đường Tửu Khanh
854,Louie Stowell
855,Shannon Thomas
856,Linh Phan
857,Nguyễn Duy Cần
858,Huỳnh Vĩnh Sơn
859,Johann Wolfgang von Goethe
860,Naoi Mai
861,Deer Tarot
862,HT.Thích Trí Tịnh
863,REED HASTINGS
864,David George Haskell
865,Kamui Fujiwara
866,Lưu Từ Hân
867,Claude Ponti
868,Rubén Villahermosa Chaves
869,Rasmus Hoài Nam
870,Oprah Winfrey
871,John Locke
872,Lưu Vệ Hoa - Trương Hân Vũ
873,ONO Eriko
874,Happy Live Team
875,The Changmi
876,Esther Perel
877,Chang Kang-Myoung
878,Trương Chấn
879,Guy De Maupassant
880,Nguyễn Hiến Lê
881,Bambam
882,Carole Berger
883,Howard Schultz
884,Yama Wayama
885,William J. Bennett
886,Nguyên Hồng
887,Language Publishing Editorial
888,Jacob
889,Ken Honda
890,Tương Tử Bối
891,Sophie Crépon
892,Doughlas Carlton Abrams
893,Urako Kanamori
894,Thập Nhị
895,Nguyễn Ngọc Khánh Chi
896,Inamori Kazuo
897,Miêu Công Tử
898,Thân Tử Thần
899,Nguyễn Thùy Dung
900,Justin Bariso
901,Leil Lowndes
902,Bé Lê Quốc Triều (Minh Niệm)
903,Mihaly Csikszentmihalyi
904,Thích Nhất Hạnh
905,Shelley A. Kaehr
906,Frances Hodgson Burnett
907,Nguyễn Ngọc Tư
908,Sakurai Gamon
909,Shefali Tsabary
910,Damon Zahariades
911,Simon Sinek
912,John Herman Randall Jr.
913,Ichikawa Takuji
914,Kaito
915,Thomas Sowell
916,"Mẹ Ong Bông, Hachun Lyonnet, Bubu Hương"
917,Anita Jeram
918,Yasushi Inoue
919,David McRaney
920,Kim Yoojin
921,Lan Lăng Tiếu Tiếu sinh
922,Thảo Trang
923,Donald Robertson
924,Tim Marshall
925,Krasznahorkai László
926,Delia Owens
927,The Windy
928,Ray Bradbury
929,Lalah Delia
930,Vũ Trọng Phụng
931,Trần Dần
932,Robert Greene
933,Mike Michalowicz
934,Chu Kiến Quốc
935,Matt Rioley
936,Rae Orion
937,Katherine Applegate
938,Minazuki Akira
939,George A. Akerlof
940,Bloom
941,Cao Minh
942,Alan Phan
943,David J. Pollay
944,Philip K. Dick
945,Herman Aihara
946,DEVAR
947,Mai Tử
948,James Shiuchi Nakano
949,Charles-Édouard Hocquard
950,Goscinny & Sempé
951,Maria Montessori
952,Nguyễn Phương Nam
953,Phạm Ngọc Điệp
954,Katsusuke Serizawa
955,Kurban Said
956,James B.Lavalle
957,Chris Voss
958,Walter Macken
959,Jo Condrill
960,Nguyễn Thái Long
961,Takemachi
962,Bộ Giáo Dục Và Đào Tạo
963,Andrzej Sapkowski
964,Nhiều tác giả
965,J.M.G.Le Clezio
966,J. K. Rowling
967,Yoshichi Shimada
968,TS. Nguyễn Hoàng Bảo
969,Maggie Kline
970,BS. Alice Roberts
971,Maruyama Kugane
972,Paul Giran
973,Trịnh Công Sơn
974,Phil Town
975,Mohammed bin Rashid Al Maktoum
976,Tạ Quốc Kế
977,Susie Morgenstern
978,Antony Beevor
979,Hamada Kazuyuki
980,Fujiko F Fujio
981,Émile Ajar
982,Esther Duflo
983,Hà Phương
984,Allison Schrager
985,Tim Peake
986,Lý Thế Cường
987,Nassim Nicholas Taleb
988,Gabriel Garcia Marquez
989,Vũ Thượng
990,Thomas C. Corley
991,Thu Giang Nguyễn Duy Cần
992,Donna Cameron
993,Trần Hồng Ngọc
994,Hyun-wook Park
995,Benedict Carey
996,Trần Bích Hà
997,Bertrand Russell
998,Jostein Gaarder
999,John C. Maxwell
1000,Soo Jung Lee
1001,Fanpage Thần với chả Thoại
1002,Patrick Suskind
1003,Sir Lưu
1004,Trần Hữu Đức
1005,Lynne Twist
1006,Zig Ziglar
1007,Jerome David Salinger
1008,Diana Wynne Jones
1009,William B. Irvine
1010,Philip Kolter
1011,Dan Senor
1012,Vikas Swarup
1013,The Book Worm
1014,Dr. Gareth Moore
1015,Paul Krugman
1016,Dawn Maslar
1017,A. S. Byatt
1018,Allan & Barbara Pease
1019,Brad Stone
1020,Virginie Aladjidi
1021,Alan Jacobs
1022,J. R. R. Tolkien
1023,Variétés Tonkinoises
1024,Endou Asari
1025,Phong Thư Lưu Ngốc
1026,Eddie Reynolds
1027,Phạm Hằng Nguyên
1028,Judy Robinett
1029,Neale Donald Walsch
1030,Ngô Huy Tú
1031,Ohmura Tomoko
1032,Tuấn Kiệt
1033,Shin Dohyeon
1034,A.A.Milne
1035,Mark Miodownik
1036,Natsukawa Sosuke
1037,Ioka Shun
1038,Vũ Thu Phương
1039,Robert DiYanni
1040,Walter Isaacson
1041,David A. Phillips
1042,Daniel J. Siegel
1043,Tuệ An
1044,Tiêu Đường Đông Qua
1045,Hương Bình
1046,Higashino Keigo
1047,Daniel M. Davis
1048,Matthew Pollard
1049,Đổng Tâm Khiết
1050,Estienne Garbugli
1051,Tố Hữu
1052,Craig Christensen
1053,Rob Moore
1054,Nguyễn Văn Tuấn
1055,Songkha
1056,Martina Lauchengco
1057,Alphabooks
1058,James Albert Michener
1059,Kito Aya
1060,..
1061,Suh Yoon Lee
1062,Xiu-ying Wei
1063,Donald Miller
1064,Minh Tâm
1065,Alain de Botton
1066,Anne Taylor
1067,Richard Newton
1068,Sabaa Tahir
1069,Kazumi Yumoto
1070,Nguyễn Ngọc Thạch
1071,Sarah Andersen
1072,Vũ Bằng
1073,Guillaume Musso
1074,David Grossman
1075,Oded Galor
1076,Lê Đình Lực
1077,Stanley H. Brown
1078,Dịch giả Bùi Thị Quỳnh Chi
1079,Dr. Joseph Murphy
1080,Dương Ký Châu (Chủ biên)
1081,Chugong
1082,Richard Holloway
1083,Kuji Furumiya
1084,Katherine Halligan
