category_id,category_name
1,Tri Kỷ Của Bụt (TBL5)
2,Dragon Quest - Dấu Ấn Roto (Dragon Quest Saga Emblem Of Roto) Perfect Edition - Tập 11
3,Người Bà Tài Giỏi Vùng Saga – Tập 6
4,Truyện Giả tưởng - Huyền Bí - Phiêu Lưu
5,Thầy Cô Giáo Hạnh Phúc Sẽ Thay Đổi Thế Giới - Tập 2 - Đi Như Một Dòng Sông (Tái Bản)
6,Ayurveda Phương Pháp Y Thuật Cổ Truyền Ấn Độ Hơn 5000 Tuổi
7,Bí Quyết Bấm Huyệt Chữa Bệnh
8,Truyện trinh thám
9,Blue Flag Tập 8 [Tặng Kèm Bookmark PVC]
10,Sách doanh nhân
11,Sách Học Tiếng Hàn
12,Birdmen Tập 13 [Tặng Kèm Postcard]
13,Sách Tâm Lý Tuổi Teen
14,Fullmetal Alchemist - Cang Giả Kim Thuật Sư - Fullmetal Edition - Tập 16
15,ĐƯỜNG XƯA MÂY TRẮNG
16,Người bà tài giỏi vùng Saga – Tập 9
17,Sách Kiến Thức - Kỹ Năng Cho Trẻ
18,Chăm sóc sức khỏe
19,Đi Hát Karaoke Đi
20,Thiền Tập Cho Người Bận Rộn (Tbl12)
21,Trở Về Từ Xứ Tuyết (Tái Bản)
22,Dragon Quest - Dấu Ấn Roto (Dragon Quest Saga Emblem Of Roto) Perfect Edition - Tập 9
23,Bá Tước Tiểu Thư - Tập 6
24,"Gửi Em, Người Bất Tử - Tập 8 (Tái Bản 2022)"
25,Sách Học Tiếng Hoa
26,Tanaka Lúc Nào Cũng Vật Vờ Tập 5 [Tặng Kèm Photo Strip]
27,One Piece - Tập 100 :  Haki Bá vương
28,Cơ Thể Tự Chữa Lành: Nước Ép Cần Tây
29,Cô Bạn Tôi Thầm Thích Lại Quên Mang Kính Rồi -  Tập 5
30,Truyện ngắn - Tản văn - Tạp Văn
31,Hệ Miễn Dịch: Khám Phá Cơ Chế Tự Phòng Chữa Bệnh Của Cơ Thể Người
32,Muốn An Được An (Tái bản 2021)
33,Blue Flag - Tập 1
34,Tình Đầu Nhạt Phai - Tập 1
35,Kaguya-Sama: Cuộc Chiến Tỏ Tình - Tập 3
36,Horimiya - 16
37,Cậu Khiến Tôi “Phát Rồ” - There Is No Other
38,Sách khởi nghiệp
39,Muôn Kiếp Nhân Sinh (Many Lives - Many Times)
40,Nhân Duyên Tiền Kiếp
41,Sách Làm Cha Mẹ
42,Ngược Dòng Tiền Kiếp
43,Sách Phong Thủy - Kinh Dịch
44,Nhân tố Enzyme - Phương Thức Sống Lành Mạnh (Tái Bản 2019)
45,Văn Phòng Thám Tử Quái Vật - Tập 15
46,Blue Flag - Tập 6
47,Combo Người Bà Tài Giỏi Vùng Saga (Tập 1+2+3+4+5+6+7+8)_Tặng Kèm Khóa và Bookmark
48,Truyện đam mỹ
49,Black Jack - Tập 12
50,Tô màu - Luyện chữ  
51,"Gửi Em, Người Bất Tử - Tập 6 (Tái Bản 2022)"
52,"""Cậu"" Ma Nhà Xí Hanako - Tập 0"
53,Black Jack - Tập 13 (Bìa Mềm)
54,Dragon Ball Full Color - Phần Năm: Truy Lùng Cell Bọ Hung - Tập 4
55,Truyện ngôn tình
56,Tớ Rất Yêu Doraemon
57,Sự Trung Thực Của Xác Chết – Ghi Chép Của Một Nhà Pháp Y
58,666 Satan - Tập 1
59,Các Tầng Địa Ngục Theo Phật Giáo
60,Bá Tước Tiểu Thư - Tập 4
61,Mob Psycho 100: REIGEN ~ Ngoại Cảm Sư Linh Cấp Max 131 ~ [Tặng Kèm Bookmark PVC]
62,Sách Danh Nhân
63,Pokémon - Cuộc Phiêu Lưu Của Pippi B.W (Black.White) - Tập 1
64,"Toán Học, Một Thiên Tiểu Thuyết"
65,Birdmen - Tập 10
66,Blue Flag Tập 7 [Tặng Kèm Bookmark PVC]
67,Anh Em Phi Hành Gia - Tập 36
68,Komi - Nữ Thần Sợ Giao Tiếp Tập 15
69,Dr.Slump Ultimate Edition - Tập 13
70,Hành Trình Về Phương Đông (Bìa Cứng)(Tái Bản)
71,Cơ Thể Tự Chữa Lành: Giải Cứu Gan
72,Blue Period - Tập 03
73,Kaguya-Sama: Cuộc Chiến Tỏ Tình - Tập 2
74,Vua Sáng Chế Tập 22
75,Lớp Học Rùng Rợn - Tập 3
76,Kingdom - Tập 39
77,Thị Trấn Vắng Mình Tôi - 5
78,Raw Vegan – Sức Mạnh Chữa Lành Của Thực Vật (Tặng kèm bookmark)
79,Nghệ Thuật Thiết Lập Truyền Thông (TBL3)
80,"Gửi Em, Người Bất Tử - Tập 2 (Tái Bản 2022)"
81,Thị Trấn Vắng Mình Tôi - 6
82,Sách quản trị nhân lực
83,Shaman King - Tập 19
84,Harry Potter Và Thế Giới Phép Thuật Nhiệm Màu
85,"Gửi Em, Người Bất Tử - Tập 7 (Tái Bản 2022)"
86,Ikigami - The Ultimate Limit - Tuyển Tập Những Câu Chuyện Lay Động Lòng Người - Tập 9
87,Cơ Thể Tự Chữa Lành - Thanh Lọc Để Phục Hồi
88,Khi Bàn Chân Chạm Vào Đất Mẹ
89,Truyện kể cho bé
90,Thơ
91,Đọc Hiểu Kết Quả Xét Nghiệm Máu  (Tái Bản)
92,Cô Bạn Tôi Thầm Thích Lại Quên Mang Kính Rồi - Tập 1 [Tặng Kèm Standee Ivory]
93,Lớp Học Rùng Rợn Tập 4
94,Sách kỹ năng làm việc
95,Mỹ Thuật - Kiến Trúc
96,Boxset Manga Đứa Con Của Thời Tiết (3 Cuốn) [Tặng Kèm Postcard]
97,Văn Phòng Thám Tử Quái Vật - Tập 12
98,Hành Trình Về Phương Đông (Khổ Nhỏ)(Tái Bản)
99,Lưu Thông Máu Tốt Hóa Giải Bách Bệnh
100,Thiền - Osho (Tái Bản)
101,Dragon Quest - Dấu ấn Roto (Dragon Quest Saga Emblem of Roto) Perfect Edition - Tập 11 - Tặng Kèm Bookmark PVC
102,Nước Ép Trị Liệu Và Chế Độ Ăn Theo Phương Pháp Cơ Thể Tự Chữa Lành
103,Fullmetal Alchemist - Cang Giả Kim Thuật Sư - Fullmetal Edition Tập 17 [Tặng Kèm Bookmark PVC]
104,Spy X Family Tiểu Thuyết - Bức Chân Dung Gia Đình
105,Kaguya-Sama: Cuộc Chiến Tỏ Tình Tập 6 [Tặng Kèm Postcard]
106,Vua Sáng Chế - Tập 20
107,Blue Flag - Tập 4
108,Thám Tử Kindaichi (Series Kỷ Niệm 20 Năm) - Boxset 5 Tập
109,Thám Tử Lừng Danh Conan Tập 11 (Tái Bản 2019)
110,Vua Sáng Chế - Tập 19
111,Fear - Sợ Hãi (Hóa Giải Sợ Hãi Bằng Tình Thương)
112,Dragon Ball Full Color - Phần Năm: Truy Lùng Cell Bọ Hung - Tập 6
113,Dragon Ball Full Color - Phần Năm: Truy Lùng Cell Bọ Hung - Tập 5
114,Blue Flag - Tập 3
115,Y Học Dinh Dưỡng - Những Điều Bác Sĩ Không Nói Với Bạn
116,Dưới Hiên Nhà Bà Già Đọc Boyslove - 4
117,Sách tham khảo cấp III
118,Black Jack - Tập 14
119,666 Satan Tập 4 [Tặng Kèm Bookmark Nhân Vật]
120,"Gửi Em, Người Bất Tử - Tập 9 (Tái Bản 2022)"
121,"Vivre Card - Thẻ Dữ Liệu Nhân Vật One Piece Booster Pack - Những Kẻ Thực Thi ""Chính Nghĩa Hắc Ám""! CP9!!"
122,Komi - Nữ Thần Sợ Giao Tiếp - Tập 13
123,Doraemon - Chú Mèo Máy Đến Từ Tương Lai - Tập 1 (Tái Bản)
124,Chú Thuật Hồi Chiến -  Tập 5
125,Chitose Trong Chai Ramune – Tập 2
126,Nhân Tố Enzyme  - Thực Hành (Tái Bản 2021)
127,Hai Ta Trên Đường Kẻ Cuộc Đời
128,Combo Thám Tử Lừng Danh Conan Tập 41 - 50 (Bộ 10 cuốn)
129,"Sách quản trị, lãnh đạo"
130,Tanaka Lúc Nào Cũng Vật Vờ - Tập 4
131,Du ký
132,"Thám Tử Lừng Danh Conan - Tập 100 - Bản Đặc Biệt, Bìa Áo - Tặng Kèm Set Postcard Gồm 5 Mẫu, Đựng Trong Phong Bao Conan 100 Và Bìa Áo Độc Quyền"
133,Tanaka Lúc Nào Cũng Vật Vờ Tập 6 [Tặng Kèm Photo Strip]
134,Ajin - Boxset Số 2 (Tập 7 - 12) - Tặng Kèm Bookmark 3D
135,Sách nghệ thuật sống đẹp
136,Phóng sự - Ký sự - Bút ký
137,Trồng Một Nụ Cười - Cùng Trẻ Thực Hành Chánh Niệm
138,Sữa tiệt trùng (UHT)
139,Truyện kinh dị
140,Migi & Dali - Tập 7
141,Bên Rặng Tuyết Sơn (Tái Bản)
142,Ăn Uống Đúng Cách: Bộ Quy Tắc Ẩm Thực Lành Mạnh
143,Black Jack 09 (Bìa Mền)
144,Dr.Slump Ultimate Edition Tập 12
145,Sách Đường Xưa Mây Trắng - Theo Gót Chân Bụt (Tái bản năm 2020) (Bìa mềm/ Câu Chuyện Thú Vị Về Bụt/ Tặng Kèm Bookmark)
146,Black Jack - Tập 15 (Bìa Mềm)
147,Yuri Espoir (Tập 3)
148,"Gửi Em, Người Bất Tử - Tập 5 (Tái Bản 2022)"
149,Thám Tử Lừng Danh Conan - Tập 100 - Bìa Gập - Tặng Kèm Postcard Vuông Conan 100
150,Chỉ Là Sách Thôi
151,Con Đường Chuyển Hóa - Kinh Bốn Lĩnh Vực Quán Niệm (Tái Bản)
152,Sói Đầu Đàn Và Cún Nhỏ - Tập 2
153,Ikigami - Tập 10
154,Tiểu Thuyết
155,Sách Tô Màu Dành Cho Người Lớn
156,Dragon Quest - Dấu Ấn Roto (Dragon Quest Saga Emblem Of Roto) Perfect Edition Tập 8 [Tặng Kèm Bookmark PVC]
157,Ngôi Sao Vườn Nữ Sinh - Tập 2
158,Kiếp Nào Ta Cũng Tìm Thấy Nhau: Câu Chuyện Về Những Linh Hồn Tri Kỷ Vĩnh Viễn Không Chia Lìa (Tái Bản)
159,Thám Tử Lừng Danh Conan - Tập 100 - Bìa Gập
160,Bá Tước Tiểu Thư - Tập 5
161,Vẽ Vời Vẩn Vơ - 5
162,"Quán Rượu Dị Giới ""Nobu"" - Tập 11"
163,Doraemon Movie Story: Nobita Và Viện Bảo Tàng Bảo Bối
164,Boxset Trọn Bộ 21 Tập: Assassination Classroom
165,Migi & Dali Tập 3
166,Sức Mạnh Của Tĩnh Lặng (Tái Bản 2020)
167,Canis Dear Mr.Rain
168,ĐƯỜNG XƯA MÂY TRẮNG BÌA MỀM
169,Lịch Sử Thế Giới
170,Migi & Dali - Tập 2
171,Tokyo Revengers - Tập 5
172,Vì Sao Phật Giáo Giàu Chân Lý
173,Cẩm Nang Hướng Dẫn Thải Độc & Chế Độ Ăn Uống Lành Mạnh
174,Combo Muôn kiếp nhân sinh 1 (53160) (khổ nhỏ) + Muôn kiếp nhân sinh 2 (54570) (khổ nhỏ)
175,How The Body Works - Hiểu Hết Về Cơ Thể
176,Sách Học Tiếng Nhật
177,"Gửi em, người bất tử - Tập 14"
178,Blue Period - Tập 06
179,Vua Sáng Chế - Tập 21
180,“Đức Phật” nơi công sở (Truyện tranh)
181,Anh Em Phi Hành Gia - Tập 38
182,Nhóc Miko! Cô Bé Nhí Nhảnh 35
183,Nhóc Miko! Cô Bé Nhí Nhảnh 34
184,Thám tử lừng danh Conan Tập 99
185,Cẩm Nang Hướng Dẫn Tẩy Sỏi Gan Mật - Phương Pháp Diệu Kỳ Cho Sức Khỏe Dài Lâu
186,Chuyện Tình Thanh Xuân Bi Hài Của Tôi Quả Nhiên Là Sai Lầm - Comic - Tập 1 - Tặng Postcard
187,Blue Period Tập 2
188,Sách Phong Tục - Tập Quán
189,Ikigami - Tập 05
190,Luật - Văn Bản Luật
191,Đạo đức - Kỹ năng sống
192,Sách hướng nghiệp - Kỹ năng mềm
193,One Piece Color Walk TIGER - Tuyển tập tranh Eiichiro Oda - Tập 9
194,Black Jack - Tập 14 (Bìa Cứng)
195,Shaman King - Tập 20
196,Học Viện Siêu Anh Hùng Vigilantes - My Hero Academia Illegals - Tập 2: Phán Xử
197,Slam Dunk - Deluxe Edition - Tập 11
198,Kéo Giãn Cơ Thể
199,Sách Địa Danh - Du Lịch
200,"Sách - Kinh Địa Tạng Bồ Tát Bổn Nguyện Bìa Da,Bìa Thường"
201,Vivre Card - Thẻ Dữ Liệu Nhân Vật One Piece Booster Pack - Thợ Đóng Tàu Hàng Đầu Thế Giới! Galleyla-Company!!
202,666 Satan - Tập 2
203,Vivre Card - Thẻ Dữ Liệu Nhân Vật One Piece Starter Set - Tập 2 [Tặng Kèm Obi]
204,Văn học thiếu nhi
205,Chàng Metalhead Nhà Bên (Truyện tranh)
206,Luật Nhân Quả - Hãy Tự Mình Thay Đổi Số Phận Để Được Hạnh Phúc Viên Mãn
207,Sách Marketing - Bán hàng 
208,"Ung Thư Không Phải Là Bệnh, Mà Là Cơ Chế Chữa Lành"
209,Âm Nhạc - Điện Ảnh
210,Sách Hôn Nhân - Giới Tính
211,Ajin - Boxset Số 1 (Tập 1 - 6) - Tặng Kèm Bookmark 3D
212,Sách tham khảo cấp II
213,Muôn Kiếp Nhân Sinh 2 (Khổ Nhỏ)
214,Muôn Kiếp Nhân Sinh (Khổ Nhỏ)
215,ĐƯỜNG XƯA MÂY TRẮNG BÌA CỨNG
216,Hoa Trôi Trên Sóng Nước (Tái bản 2020)
217,Combo Spy x Family (7 tập)
218,Mỹ Vị Hầm Ngục - 4
219,"UNNAMED MEMORY – Hồi ức không tên
(Tập 1: Nguyệt lam phù thuỷ và hoàng tử bị nguyền rủa)"
220,Kingdom - Tập 36
221,Light novel
222,Hành Trình Của Linh Hồn (Tái Bản 2020)
223,Phòng Thiết Kế Khai Thiên Lập Địa – Tập 1 [Tặng Bookmark + Sticker]
224,Ikigami - Tập 08
225,Dragon Ball Full Color - Phần Năm: Truy Lùng Cell Bọ Hung  - Tập 2 [Tặng Ngẫu Nhiên 1 Trong 2 Mẫu Postcard Nhân Vật]
226,Lịch Sử Việt Nam
227,Anh em phi hành gia - Tập 34
228,Yu-Gi-Oh! GX - Tập 2: Cuộc Gặp Gỡ Định Mệnh!!
229,Sách Luyện Thi Đại Học - Cao Đẳng
230,Arya Bàn Bên Thỉnh Thoảng Lại Trêu Ghẹo Tôi Bằng Tiếng Nga – Tập 1
231,Vivre Card - Thẻ Dữ Liệu Nhân Vật One Piece Booster Pack - Mối Uy Hiếp Ở Punk Hazard
232,"Sách tài chính, tiền tệ"
233,Axit Và Kiềm Trong Thực Dưỡng (Tái Bản)
234,Dưới Hiên Nhà Bà Già Đọc Boyslove - 1
235,Kiến thức - Bách khoa
236,Cơ Thể Tự Chữa Lành: Phục Hồi Tuyến Giáp
237,"Sách tài chính, kế toán"
238,Lập Trình
239,Kỳ Án Siêu Nhiên - Tập 02
240,Tiểu sử - Hồi ký
241,Cô Bạn Tôi Thầm Thích Lại Quên Mang Kính Rồi - Tập 7 - Tặng kèm Standee Ivory
242,Lý Luận Chính Trị
243,Kingdom - Tập 37
244,Ăn Theo Nhóm Máu
245,Tạp chí Forbes Việt Nam - Số 111 (Tháng 11.2022) - Giải mã nhà phát triển dự án
246,Chú Thuật Hồi Chiến - Tập 7
247,Truyện cổ tích
248,Shaman King - Tập 21
249,[Boxset Manga] Thần Chết Làm Thêm 300 Yên/Giờ (Tập 1+2+3)
250,"Ung Thư - Sự Thật, Hư Cấu, Gian Lận Và Những Phương Pháp Chữa Bệnh Không Độc Hại (Tái Bản)"
251,Blue Period - Tập 05
252,Combo 2 Cuốn: Muôn Kiếp Nhân Sinh + Muôn Kiếp Nhân Sinh 2 (Bìa Mềm)
253,"Gửi Em, Người Bất Tử - Tập 11 (Tái Bản 2022)"
254,Black Jack - Tập 11
255,Kinh A Di Đà (Tái bản 2022)
256,Sách giáo dục
257,Tanaka Lúc Nào Cũng Vật Vờ - Tập 2
258,Đường Xưa Mây Trắng - Theo Gót Chân Bụt - Bìa Mềm (Tái Bản 2020)
259,GIẬN (TBL22)
260,Yu-Gi-Oh! Gx Tập 3: Vòng Bảng Kết Thúc!! [Tặng Kèm Bookmark PVC]
261,Triết Học
262,Pokémon - Cuộc Phiêu Lưu Của Pippi B.W (Black.White) - Tập 2
263,Sách Chiêm Tinh - Horoscope
264,Migi & Dali - Tập 4
265,Bá Tước Tiểu Thư - Tập 7
266,Ninja Rantaro - Tập 65
267,"Tashiro, Cậu Đúng Thật Là! - Tập 2"
268,Sách kinh tế học
269,Lĩnh vực khác
270,Sách tham khảo cấp I
271,Muôn Kiếp Nhân Sinh 2 (Bìa Cứng)
272,Tâm Sáng Dung Mạo Sáng
273,Komi - Nữ Thần Sợ Giao Tiếp - Tập 14
274,One Piece - Tập 98: “Phút Huy Hoàng Của Những Trung Thần”
275,Black Jack - Tập 13 (Bìa Cứng)
276,DragonBall - 7 viên ngọc rồng ( 1-42 )
277,Monster #8 - Tập 6
278,Migi & Dali - Tập 6
279,Muôn Kiếp Nhân Sinh (Bìa Cứng)
280,Shaman King - Tập 18
281,Lớp Học Rùng Rợn - Tập 2
282,Anh Em Phi Hành Gia - Tập 32
283,Thiền Sư Và Em Bé 5 Tuổi
284,Cơ Thể Tự Chữa Lành: Thực Phẩm Thay Đổi Cuộc Sống
285,Truyện cười
286,"Gửi Em, Người Bất Tử - Tập 15"
287,Kaguya-Sama: Cuộc Chiến Tỏ Tình - Tập 1
288,Sách Làm Đẹp
289,Tranh Truyện
290,Thiên Sứ Nhà Bên – Tập 4
291,Kỳ Án Siêu Nhiên - Tập 03
292,Anh Em Phi Hành Gia - Tập 33
293,Atlas Giải Phẫu Cơ Thể Người
294,Doraemon Movie Story: Tân Nobita Và Chuyến Phiêu Lưu Vào Xứ Quỷ - 7 Dũng Sĩ Phép Thuật
295,"Gửi Em, Người Bất Tử - Tập 10 (Tái Bản 2022)"
296,Thực Hành Thiền Định
297,Truyện tranh thiếu nhi
298,Tin Học Văn Phòng
299,Ăn Gì Không Chết - Sức Mạnh Chữa Lành Của Thực Phẩm
300,Black Jack 10 (Bìa Mềm)
301,Sách Học Tiếng Anh
302,Shaman King - Tập 22
303,Giáo Trình Đại Học - Cao Đẳng
304,Poco Ở Thế Giới Udon 6 - Một Mùa Thu Sóng Gió
305,"Gửi Em, Người Bất Tử - Tập 3 (Tái Bản 2022)"
306,Cô Bạn Tôi Thầm Thích Lại Quên Mang Kính Rồi - Tập 6
307,Vua Sáng Chế Tập 23
308,Muôn Kiếp Nhân Sinh 2
309,Doraemon Movie Story: Nobita Và Cuộc Đại Thủy Chiến Sở Xứ Sở Người Cá (Tái Bản 2022)
310,Bài học kinh doanh
311,Bí Mật Dinh Dưỡng Cho Sức Khỏe Toàn Diện
312,Cuộc Chiến Tỏ Tình Tập 4 [Tặng Kèm 1 Trong 2 Mẫu Thẻ Học Sinh]
313,Blue Period - Tập 07
314,"Gửi Em, Người Bất Tử - Tập 16"
315,Tạp chí Forbes Việt Nam - Số 112 (Tháng 12.2022) - 100 Công ty nộp thuế lớn nhất
316,Grimgar - Ảo Ảnh Và Tro Tàn Level.14 - [Parano_Mania]
317,Tập luyện cổ họng – 5 phút 1 ngày giúp kéo dài 10 năm tuổi thọ
318,Vivre Card - Thẻ Dữ Liệu Nhân Vật One Piece Booster Pack - Kẻ Chi Phối Đáng Sợ! Gia Tộc Donquixote!!
319,Lược Sử Tôn Giáo
320,Ba Phút Sơ Cứu
321,Kiến Thức Bách Khoa
322,Quyền Lực Đích Thực (Tái Bản Lần 11)
323,YOGA NÂNG CAO - Chạm tới giới hạn bản thân
324,Chú Thuật Hồi Chiến Tập 8
325,Những Chàng Trai Ở Lộc Phong Quán – Tập 11
326,Blue Period - Tập 04
327,Kingdom - Tập 38
328,Sách Nấu ăn
329,Thần Số Học - Làm Chủ Cuộc Đời
330,Tiểu Thuyết One Piece Film RED [Tặng Kèm Bìa Áo Và Poster Gập Sẵn Bên Trong]
331,Tokyo Revengers - Tập 6
332,Dưới Hiên Nhà Bà Già Đọc Boyslove - 5
333,Dragon Quest - Dấu Ấn Roto (Dragon Quest Saga Emblem Of Roto) Perfect Edition Tập 12 [Tặng Kèm Bookmark PVC]
334,"Gửi em, người bất tử - Tập 12"
335,Truyện kiếm hiệp
336,Truyện dài
337,3x3 Eyes - Cô Bé Ba Mắt - Tập 02
338,Kaguya-Sama: Cuộc Chiến Tỏ Tình - Tập 5
339,Kinh Địa Tạng
340,Nhân Vật Hạ Cấp Tomozaki Tập 4
341,Ngoại Ngữ Khác
342,"Gửi em, người bất tử - Tập 13"
343,Tạp chí Đẹp T09-10/2022 (số 269)
344,Cơ Thể Ta Đã Hai Triệu Năm - Giải Mã Các Căn Bệnh Thời Hiện Đại
345,Ăn Ít Để Khỏe
346,Đường Về Tỉnh Thức (What is Mindfulness?)
347,Từng Bước Nở Hoa Sen
348,Tác phẩm kinh điển
349,One Piece -Tập 101: “Siêu Sao Thượng Đài”
350,Black Jack Tập 15 (Bìa Cứng)
351,Anh em phi hành gia - Tập 35
352,Sách Thai Giáo
353,Truyện tranh Ehon
354,Sách tư duy - Kỹ năng sống
355,Tokyo Revengers - Tập 3
