publisher_id,publisher_name
1,
2,NXB Trẻ
3,NXB Dân Trí
4,Nhà Xuất Bản Tri Thức
5,Nhà Xuất Bản Văn Học
6,Nhà Xuất Bản Dân Trí
7,Nhà Xuất Bản Thế Giới
8,Nhà Xuất Bản Phụ Nữ Việt Nam
9,Nhà Xuất Bản Compass Publishing
10,Nhà Xuất Bản Chính Trị Quốc Gia Sự Thật
11,Nhà Xuất Bản Khoa học & kỹ thuật
12,Nhà Xuất Bản Giáo Dục Việt Nam
13,Nhà Xuất Bản Hồng Đức
14,Nhà Xuất Bản Hội Nhà Văn
15,Nhà Xuất Bản Đà Nẵng
16,Nhà Xuất Bản Kim Đồng
17,Forbes Việt Nam
18,Nhà Xuất Bản Lao Động
19,Nhiều Nhà Xuất Bản
20,Nhà Xuất Bản Thông Tin Và Truyền Thông
21,Nhà Xuất Bản Lao Động Xã Hội
22,Nhà Xuất Bản Văn Hóa - Văn Nghệ TP.HCM
23,Nhà Xuất Bản Hồng Đức - Hội Luật Gia Việt Nam
24,Nhà Xuất Bản Công Thương
25,Nhà Xuất Bản Tôn Giáo
26,hong duc
27,Nhà Xuất Bản Đại Học Kinh Tế Quốc Dân
28,Nhà Xuất Bản Kinh Tế TPHCM
29,Nhà Xuất Bản Phụ Nữ
30,NXB Đại học Kinh Tế Quốc Dân
31,Nhà Xuất Bản Thông Tấn
32,Nhà Xuất Bản Đồng Nai
33,Nhà Xuất Bản Mỹ Thuật
34,Nhà Xuất Bản Văn Hoá Dân Tộc
35,Nhà Xuất Bản Thanh Niên
36,Nhà Xuất Bản Tổng hợp TP.HCM
37,Nhà Xuất Bản Khoa Học Xã Hội
38,Nhà Xuất Bản Đại Học Quốc Gia Hà Nội
39,Nhà Xuất Bản Hà Nội
40,Nhà Xuất Bản Tài Chính
41,Nhà Xuất Bản Thời Đại
42,ĐHQG Hà Nội
